报告范围=["每月"],选择年份=["2024"],选择月份=["12 月"],品牌=["Ikarao"]
"ASIN 商品名称",ASIN,分类,"曝光: 曝光总量",曝光量：评级（中位数）,"曝光：售价(中位数)",曝光：当日达配送速度,"曝光量：1 天配送速度","曝光量：2 天配送速度","点击: 点击量","点击：点击率 （CTR）","点击量：价格(中位数)",点击量：当日达配送速度,"点击量：1 天配送速度",点击：2天配送速度,"加入购物车 : 加购数",加入购物车：售价（中位数）,购物车添加：当日达配送速度,"加入购物车：1 天配送速度","购物车添加：2 天配送速度",下单成交：成交总量,下单成交：搜索来源销售额,"购买次数：转化率 %",购买次数：评分（中位数）,购买次数：价格（中位数）,下单成交：当日达配送速度,"下单成交：1 天配送速度",下单：2天配送速度,报告日期
"Ikarao Karaoke Machine for Adults with Lyrics Display, Built-in 13.3"" Screen, Truly All in One Karaoke Machine with 2 Wireless Microphone (Hidden & Self Charging), 800W Bluetooth Speaker for Party, TV","B0CLLT85Y6","Musical Instruments","51525",,"629.99","0","3549","16372","2297","4.46","629.99","0","137","634","421","629.99","0","29","124","130","78653.7","5.66",,"629.99","0","16","48","2024-12-31"
"Ikarao Rolling Speaker Bag - with 10mm Thick Padding and Folding Hand Truck, 8"" Heavy Duty Speaker Bag Compatible with Alto, QSC, EV, Mackie Thump Go, JBL IRX108, EON ONE and Other Speaker","B0CP1TCZ1H","Musical Instruments","7251",,"89.99","0","21","390","136","1.88","89.99","0","0","5","13","89.99","0","0","0","3","269.97","2.21",,"89.99","0","0","0","2024-12-31"
"Ikarao Speaker Stand Tripod Adjustable Height 32"" to 47"", Max Load 66LBS, with 35mm Insert(Compatible with JBL, Bose, Ikarao, Alto, Mackie, etc.), Speaker Tripod for Heavy Duty Speaker, PA, DJ, Stage","B0CP1VM45S","Musical Instruments","52624",,"38.99","0","1306","5459","1736","3.3","38.99","0","36","176","407","38.99","0","15","45","138","5658.22","7.95",,"38.99","0","8","26","2024-12-31"
"Ikarao 2024 Smart Karaoke Machine for Adults - with Lyrics Display, 64GB Karaoke Tablet, 2 Wireless Mics, Professional Karaoke System, 600W Peak Power, 4 DJ Lights, Karaoke Speaker for Any Occasion","B0CR1R7FKP","Musical Instruments","1857999",,"449.99","3777","86004","464306","23963","1.29","449.99","44","1033","5809","3347","429.99","9","167","883","921","381910.78","3.84",,"429.99","4","47","278","2024-12-31"
"Ikarao Bluetooth Speaker with Microphone, 2 Wireless Self-Charging Mics with EQ Autotune for Singing, 10.1 inch Screen for Lyrics Display, Portable Speaker for Home DJ Party TV Karaoke Outdoor Events","B0D6Z2228K","Musical Instruments","88982",,"349.99","19","2592","10584","832","0.94","349.99","1","23","135","110","349.99","1","2","28","25","8749.75","3.0",,"349.99","0","1","5","2024-12-31"
"Ikarao Smart Karaoke Machine, Built-in 10.1"" Screen Lyrics Display for Adults Kids, 2 Auto Charging Wireless Microphones, Portable Bluetooth Speaker PA System with WiFi, HDMI for Home TV Outdoor Party","B0DCZQX11P","Musical Instruments","1398174",,"349.99","3","56267","291524","14630","1.05","349.99","0","617","3184","2608","349.99","0","127","647","666","230813.3","4.55",,"349.99","0","31","188","2024-12-31"
"Ikarao Bluetooth Speaker,Party Portable Speakers with Wireless Microphones DJ Lights,Karaoke Machine with 13.3 inch Screen Lyrics Display, 800W Ultra Bass, Wireless Speaker for Party, Outdoor, Camping","B0DFNKYNVR","Electronics","36084",,"659.99","0","228","4006","399","1.11","659.99","0","2","66","40","659.99","0","0","5","3","1979.97","0.75",,"659.99","0","0","1","2024-12-31"
"Ikarao Karaoke Machine with Microphone Stand, Portable Bluetooth Speaker for Party, Backyard, Karaoke System with 2 Wireless Microphone for Adults Kids, for Women, Men, Singing Lovers","B0DH1P8M7M","Musical Instruments","43593",,"469.99","0","1022","7697","247","0.57","469.99","0","4","50","23","469.99","0","0","6","6","2725.94","2.43",,"469.99","0","0","3","2024-12-31"
"Ikarao Portable Karaoke Machine for Adults, Built-in Lyrics Display and Screen, 2 Self-Charging Wireless Microphones, Karaoke App, 140W Speaker, Connects to TV for Home Outdoor Karaoke","B0DHPN1DMJ","Musical Instruments","638426",,"349.99","3887","69498","153933","6916","1.08","349.99","51","933","1818","1161","349.99","12","168","312","253","86587.47","3.66",,"349.99","3","56","64","2024-12-31"
"Bluetooth Speaker,Party Portable Speakers with Self-Charging Mics, Dynamic Lights,280W Peak Wireless Speakers with Bass,Loud Speaker with Screen Lyrics Display,Support WiFi AUX OTG HDMI for TV","B0DP3295MS","Musical Instruments","163962",,"349.99","14","888","2074","839","0.51","349.99","0","5","10","76","349.99","0","1","0","10","3499.9","1.19",,"349.99","0","0","0","2024-12-31"
