报告范围=["每月"],选择年份=["2025"],选择月份=["3 月"],搜索词=["karaoke"]
搜索频率排名,搜索词,点击量第1的品牌,点击量第2的品牌,点击量第3的品牌,点击量最高的分类,点击量第二的分类,"点击量第 3 的分类",点击量第1的商品：ASIN,"点击量第1的商品: 商品标题",点击量最高的商品：点击份额,点击量第1的商品：转化贡献占比,点击量第2的商品：ASIN,点击量第2的商品：商品标题,点击量第二的商品：点击份额,热门点击商品第2名：转化贡献占比,点击量第三的商品：ASIN,点击量第3的商品：商品标题,点击量第三的商品：点击份额,点击量第3的商品：转化贡献占比,报告日期
"2773","karaoke machine","CYY","Peski","HWWR","Musical Instruments","Toys","Electronics","B0D1VJMSQG","Karaoke Machine, Portable Bluetooth Speaker with 2 Wireless Microphones for Adults & Kids with Lights, Karaoke Microphone with PA System Supports USB/TF/REC/FM/AUX for Home Party","13.54","13.3","B0CCJDG68C","VOSOCO Karaoke Machine, Portable Bluetooth Karaoke Speaker with 2 Wireless Microphones, PA System for Adults Kids with LED Lights, Supports REC/FM/AUX/USB/TF for Home Party","8.32","6.53","B0D86TTLGZ","Karaoke Machine, Portable Bluetooth 5.3 Speaker with 2 Wireless Microphones for Adults, PA System with Pitch Correction & Echo Adjustment, Supports TWS/TF Card/USB/AUX/Live/REC for Home Party","6.05","3.31","2025-03-31"
"10091","karaoke machine for adults","PPMIC","CYY","Ikarao","Musical Instruments","Toys","Electronics","B0D1VJMSQG","Karaoke Machine, Portable Bluetooth Speaker with 2 Wireless Microphones for Adults & Kids with Lights, Karaoke Microphone with PA System Supports USB/TF/REC/FM/AUX for Home Party","12.43","13.66","B0D86TTLGZ","Karaoke Machine, Portable Bluetooth 5.3 Speaker with 2 Wireless Microphones for Adults, PA System with Pitch Correction & Echo Adjustment, Supports TWS/TF Card/USB/AUX/Live/REC for Home Party","12.03","7.58","B0CCJDG68C","VOSOCO Karaoke Machine, Portable Bluetooth Karaoke Speaker with 2 Wireless Microphones, PA System for Adults Kids with LED Lights, Supports REC/FM/AUX/USB/TF for Home Party","9.21","7.41","2025-03-31"
"15104","karaoke microphone","BONAOK","BEILIHART","JBL","Musical Instruments","Toys","Electronics","B071SGMQ7V","BONAOK Wireless Bluetooth Karaoke Microphone,3-in-1 Portable Handheld Karaoke Mic Speaker Machine Home Party Birthday for All Smartphones PC(Q37 Rose Gold)","22.56","12.11","B07BHLGK87","BONAOK Bluetooth Wireless Karaoke Microphone with LED Lights,4-in-1 Portable Handheld Mic with Speaker Karaoke Player for Singing Home Party Toys Birthday Gift for Kids Adults Girls Q78(Rose Gold)","11.51","7.0","B0CNX7B1VR","Karaoke Machine for Kids Adults, Mini Portable Bluetooth Karaoke Speaker with 2 Wireless Microphone and Lights, Christmas Birthday Gifts for Girls Ages 4, 5, 6, 7, 8, 9, 10, 12+ Family Home Party","3.67","2.61","2025-03-31"
"28952","karaoke machine for kids","YLL","Peski","BEILIHART","Musical Instruments","Toys","Electronics","B0BBKW5G1T","YLL Mini Karaoke Machine for Kids Adults, Portable Bluetooth Speaker with 2 Wireless Microphones, Easter Birthday Gifts Toys for Girls Ages 3, 4, 5, 6, 7, 8, 9,10,11,12+ Years Old Toddler (Lightpink)","10.07","6.11","B0CFLBLPTN","Kinglucky TOP Karaoke Machine for Kids (with Fun Voice Effects & LED Lights) Most Popular Birthday Easter Gifts for 3-12+ Years Old Girls Boys, Mini Karaoke Machine with 2 Wireless Microphones Pink","6.28","3.97","B0D1VJMSQG","Karaoke Machine, Portable Bluetooth Speaker with 2 Wireless Microphones for Adults & Kids with Lights, Karaoke Microphone with PA System Supports USB/TF/REC/FM/AUX for Home Party","6.07","3.19","2025-03-31"
"30604","karaoke",,"Peski","Ikarao","Musical Instruments","Digital_Music_Purchase","Toys","B0D1VJMSQG","Karaoke Machine, Portable Bluetooth Speaker with 2 Wireless Microphones for Adults & Kids with Lights, Karaoke Microphone with PA System Supports USB/TF/REC/FM/AUX for Home Party","6.82","6.31","B0D86TTLGZ","Karaoke Machine, Portable Bluetooth 5.3 Speaker with 2 Wireless Microphones for Adults, PA System with Pitch Correction & Echo Adjustment, Supports TWS/TF Card/USB/AUX/Live/REC for Home Party","5.5","3.29","B0CCJDG68C","VOSOCO Karaoke Machine, Portable Bluetooth Karaoke Speaker with 2 Wireless Microphones, PA System for Adults Kids with LED Lights, Supports REC/FM/AUX/USB/TF for Home Party","5.39","4.39","2025-03-31"
"41839","mini karaoke machine","BEILIHART","YLL","Peski","Musical Instruments","Toys","Wireless","B0BBKW5G1T","YLL Mini Karaoke Machine for Kids Adults, Portable Bluetooth Speaker with 2 Wireless Microphones, Easter Birthday Gifts Toys for Girls Ages 3, 4, 5, 6, 7, 8, 9,10,11,12+ Years Old Toddler (Lightpink)","9.92","5.67","B0D3YS7LF2","Koolcover Mini Karaoke Machine for Kids Adults, Portable Bluetooth Speaker with 2 Wireless Microphones,Toys Birthday Gifts for Girls Ages 4, 5, 6, 7, 8,9,10,11,12+ Family Home Party (Purple)","9.42","7.04","B0CGRRGY6S","Mini Karaoke Machine for Kids, Birthday Easter Gifts Toys for Girls Boys Friends Age 3-12+, Portable Bluetooth Speaker with 2 Wireless Mics, Karafun Premium Songs Family Home Party(Purple)","8.73","6.78","2025-03-31"
"66763","karaoke microphone wireless","BONAOK","JBL","Peski","Musical Instruments","Electronics","Toys","B071SGMQ7V","BONAOK Wireless Bluetooth Karaoke Microphone,3-in-1 Portable Handheld Karaoke Mic Speaker Machine Home Party Birthday for All Smartphones PC(Q37 Rose Gold)","16.25","10.34","B07BHLGK87","BONAOK Bluetooth Wireless Karaoke Microphone with LED Lights,4-in-1 Portable Handheld Mic with Speaker Karaoke Player for Singing Home Party Toys Birthday Gift for Kids Adults Girls Q78(Rose Gold)","12.09","8.49","B08WHHWRST","JBL Wireless Two Microphone System with Dual-Channel Receiver, Black","5.76","2.47","2025-03-31"
"79305","kids karaoke machine","YLL","Peski","Kinglucky","Musical Instruments","Toys","Electronics","B0BBKW5G1T","YLL Mini Karaoke Machine for Kids Adults, Portable Bluetooth Speaker with 2 Wireless Microphones, Easter Birthday Gifts Toys for Girls Ages 3, 4, 5, 6, 7, 8, 9,10,11,12+ Years Old Toddler (Lightpink)","10.66","6.21","B0CFLBLPTN","Kinglucky TOP Karaoke Machine for Kids (with Fun Voice Effects & LED Lights) Most Popular Birthday Easter Gifts for 3-12+ Years Old Girls Boys, Mini Karaoke Machine with 2 Wireless Microphones Pink","8.37","6.09","B0DHRXSZGH","CscyyAmz Mini Karaoke Machine for Kids Girls,Toys Birthday Gifts for Ages 4 5 6 7 8+ Year Old,Protable Bluetooth Speaker with 2 Wireless Microphone for Singing Party Outdoor Play (Pink)","6.24","2.99","2025-03-31"
"99718","wireless microphones for karaoke","JBL","BONAOK","TONOR","Musical Instruments","Electronics","PC","B000VXF2I6","Singing Machine Portable Wireless Microphone (Black) - Premium Unidirectional UHF Wireless Mic for Singing, Speeches & Events - Cordless Mic Compatible with Karaoke Machines, PA Systems & More","7.18","5.76","B0CTDJ45M4","JBL PartyBox Wireless Mic - 2X Digital Wireless Microphones, Rechargeable Battery (20hrs - 700mAh), Clear Voice, Crisp Sound, Stable 2.4GHz Connection, Compatible with All PartyBox Speakers (Black)","6.95","3.41","B08WHHWRST","JBL Wireless Two Microphone System with Dual-Channel Receiver, Black","6.91","3.2","2025-03-31"
"109459","karaoke machine with lyrics display","PPMIC","Ikarao","VOSOCO","Musical Instruments","Toys","Electronics","B0D86TTLGZ","Karaoke Machine, Portable Bluetooth 5.3 Speaker with 2 Wireless Microphones for Adults, PA System with Pitch Correction & Echo Adjustment, Supports TWS/TF Card/USB/AUX/Live/REC for Home Party","13.51","7.59","B0CCJDG68C","VOSOCO Karaoke Machine, Portable Bluetooth Karaoke Speaker with 2 Wireless Microphones, PA System for Adults Kids with LED Lights, Supports REC/FM/AUX/USB/TF for Home Party","11.5","7.59","B0CZQRBVW1","Karaoke Machine with 2 Microphones: HWWR Portable Karaoke Machine for Adults Kids, Bluetooth Karaoke Speaker with Bass/Treble Adjustment, PA System with Remote Control/LED Lights, Support REC/USB/AUX","6.34","2.76","2025-03-31"
"165538","karaoke speaker","Peski","Rockville","JYX","Musical Instruments","Electronics","Toys","B0D1VJMSQG","Karaoke Machine, Portable Bluetooth Speaker with 2 Wireless Microphones for Adults & Kids with Lights, Karaoke Microphone with PA System Supports USB/TF/REC/FM/AUX for Home Party","4.95","9.71","B09WYPBM1V","JYX Karaoke Machine with 2 Wireless Microphones for Adults, 8"" Big Bluetooth Party Speaker with 500W Peak Power, PA System with LED Disco Light, Rolling Wheels and Trolley, Perfect for Outdoor Home","4.83","2.91","B0DPMV795H","Karaoke Machine, Portable Bluetooth Speaker with 2 Wireless Karaoke Microphones, Karaoke Machine for Adults Kids with Upgraded Subwoofer, PA System, Support TWS/TF/USB/AUX for Home Party Outdoor","4.7","5.83","2025-03-31"
"169882","mini karaoke machine with 2 wireless microphones","IROO","BEILIHART","YLL","Musical Instruments","Toys","Wireless","B0CGRRGY6S","Mini Karaoke Machine for Kids, Birthday Easter Gifts Toys for Girls Boys Friends Age 3-12+, Portable Bluetooth Speaker with 2 Wireless Mics, Karafun Premium Songs Family Home Party(Purple)","11.73","9.64","B0CNX6MMK3","Mini Karaoke Machine, Portable Bluetooth Karaoke Speaker with 2 Wireless Microphones and Party Lights for Kids and Adults, Birthday Gifts for Girls Boys Family Home Party","9.38","8.14","B0CY46S8M6","Karaoke Machine for Kids Adults, Portable Bluetooth Mini Karaoke Microphone Singing Speaker with 2 Wireless Mic and Light,Toys for All Smartphones,Birthday, Family,Home Party (Rose Gold)","8.69","4.07","2025-03-31"
"170228","jbl karaoke machine with 2 microphones","JBL","PPMIC","JYX","Electronics","Musical Instruments","Toys","B0CW89H6L6","JBL PartyBox On-The-Go Essential - Portable Party Speaker with Built-in Lights and Wireless mic, Amazing Pro Sound, IPX4 splashproof Protection, 6 Hours of Playtime, Convenient Shoulder Strap","12.83","10.17","B0CTD6WMXT","JBL PartyBox Club 120 - Portable Party Speaker with Foldable Handle, Powerful JBL Pro Sound, Futuristic lightshow, Up to 12 Hours of Play time, Splash Proof, Dual Mic & Guitar Inputs (Black)","8.96","3.39","B08HG2YC65","JBL PartyBox On-The-Go Powerful Portable Bluetooth Party Speaker with Dynamic Light Show, black","8.26","8.47","2025-03-31"
"183680","portable karaoke machine","Peski","CYY","YLL","Musical Instruments","Toys","Electronics","B0D1VJMSQG","Karaoke Machine, Portable Bluetooth Speaker with 2 Wireless Microphones for Adults & Kids with Lights, Karaoke Microphone with PA System Supports USB/TF/REC/FM/AUX for Home Party","10.94","8.93","B0CY46S8M6","Karaoke Machine for Kids Adults, Portable Bluetooth Mini Karaoke Microphone Singing Speaker with 2 Wireless Mic and Light,Toys for All Smartphones,Birthday, Family,Home Party (Rose Gold)","8.55","7.59","B0BBKW5G1T","YLL Mini Karaoke Machine for Kids Adults, Portable Bluetooth Speaker with 2 Wireless Microphones, Easter Birthday Gifts Toys for Girls Ages 3, 4, 5, 6, 7, 8, 9,10,11,12+ Years Old Toddler (Lightpink)","7.52","4.91","2025-03-31"
"193324","kids karaoke machine for girls","YLL","Kinglucky","Singing Machine","Musical Instruments","Toys","Electronics","B0BBKW5G1T","YLL Mini Karaoke Machine for Kids Adults, Portable Bluetooth Speaker with 2 Wireless Microphones, Easter Birthday Gifts Toys for Girls Ages 3, 4, 5, 6, 7, 8, 9,10,11,12+ Years Old Toddler (Lightpink)","15.38","14.5","B0CFLBLPTN","Kinglucky TOP Karaoke Machine for Kids (with Fun Voice Effects & LED Lights) Most Popular Birthday Easter Gifts for 3-12+ Years Old Girls Boys, Mini Karaoke Machine with 2 Wireless Microphones Pink","9.13","6.25","B08LBXJX3T","Portable Karaoke Machine for Adults & Kids - Built-In Speaker, Bluetooth, LED Lights, Wired Mic - With Voice Changing Effects","6.69","2.25","2025-03-31"
"198055","karaoke mic","BONAOK","Peski","JBL","Musical Instruments","Toys","Electronics","B071SGMQ7V","BONAOK Wireless Bluetooth Karaoke Microphone,3-in-1 Portable Handheld Karaoke Mic Speaker Machine Home Party Birthday for All Smartphones PC(Q37 Rose Gold)","23.69","10.61","B07BHLGK87","BONAOK Bluetooth Wireless Karaoke Microphone with LED Lights,4-in-1 Portable Handheld Mic with Speaker Karaoke Player for Singing Home Party Toys Birthday Gift for Kids Adults Girls Q78(Rose Gold)","7.65","3.41","B073J3GWCC","BONAOK Bluetooth Wireless Karaoke Microphone with LED Lights,4-in-1 Portable Handheld Mic with Speaker Karaoke Player Singing Home Party Toys Birthday Gift for Kids Adults Boys Girls Q78(Black)","5.37","6.06","2025-03-31"
"268024","carpool karaoke microphone","Singing Machine","BONAOK","Wireless Express","Musical Instruments","Toys","Electronics","B0971GLHR9","Carpool Karaoke Machine for Kids & Adults, Carpool Karaoke The Mic 2.0 - Wireless & Bluetooth Karaoke Microphone with Voice Changing Sound Effects as White Elephant Gift - Rose Gold","34.35","30.0","B071SGMQ7V","BONAOK Wireless Bluetooth Karaoke Microphone,3-in-1 Portable Handheld Karaoke Mic Speaker Machine Home Party Birthday for All Smartphones PC(Q37 Rose Gold)","22.31","8.75","B000X1UGHS","Carpool Karaoke Machine for Kids & Adults, Carpool Karaoke The Mic 2.0 - Wireless & Bluetooth Karaoke Microphone with Voice Changing Sound Effects as White Elephant Gift - Gold & Black","11.25","11.25","2025-03-31"
"269420","karaoke mixer","YAMAHA","Pyle","Rybozen","Musical Instruments","Electronics","PC","B00I2J4V5G","YAMAHA MG06X 6-Input Compact Stereo Mixer with Effects","11.9","11.48","B07MFV1KRB","Rybozen Wireless Microphone Karaoke Mixer System, Dual Handheld Wireless Microphone for Karaoke, Smart TV, PC, Speaker, Amplifier, Church, Wedding - Support HDMI, AUX In/Out","6.75","6.56","B09WL9Y58F","Sound Town Wireless Microphone Karaoke Mixer System with HD Audio Return Channel, Optical (Toslink), AUX, Supports Smart TV, Media Box, PC, Bluetooth, Soundbar, Receiver (SWM16-MAX)","4.96","3.28","2025-03-31"
"273746","microphone karaoke","BONAOK","Peski","Singing Machine","Musical Instruments","Toys","Electronics","B071SGMQ7V","BONAOK Wireless Bluetooth Karaoke Microphone,3-in-1 Portable Handheld Karaoke Mic Speaker Machine Home Party Birthday for All Smartphones PC(Q37 Rose Gold)","16.21","7.14","B07BHLGK87","BONAOK Bluetooth Wireless Karaoke Microphone with LED Lights,4-in-1 Portable Handheld Mic with Speaker Karaoke Player for Singing Home Party Toys Birthday Gift for Kids Adults Girls Q78(Rose Gold)","9.47","6.04","B000XI6O2W","Singing Machine Wired Microphone for Karaoke, (Black) - Unidirectional Dynamic Vocal Microphone - Plug-in Microphone for Karaoke Machine, AMP, & Speaker - Mic for Singing, Public Speaking, & Parties","5.24","3.3","2025-03-31"
"311044","singing machine karaoke","Singing Machine","PPMIC","CYY","Musical Instruments","Toys","Electronics","B09XBV1W6G","Singing Machine SingCast MAX Bluetooth Video Casting Karaoke Machine, Party Speaker, Microphone, 22 Voice Effects, Pitch Correction, Lights, Stand, 35W Sound for PA System Function for Adults & Kids","9.81","0.0","B01F5LW3F8","Singing Machine Portable Karaoke Machine for Adults & Kids with Wired Microphone, White - Built-In Speaker, Bluetooth with LED Disco Lights - Karaoke System with CD+G Player & USB Connectivity","9.01","6.56","B092KCY8PX","Singing Machine Portable Karaoke Machine with Wired Mic, Bluetooth, LED Lights - For Adults & Kids","7.18","6.56","2025-03-31"
"316752","jbl karaoke","JBL","PPMIC","GREEN KEEPER","Electronics","Musical Instruments","Toys","B08HG2YC65","JBL PartyBox On-The-Go Powerful Portable Bluetooth Party Speaker with Dynamic Light Show, black","19.05","0.0","B0CTD6WMXT","JBL PartyBox Club 120 - Portable Party Speaker with Foldable Handle, Powerful JBL Pro Sound, Futuristic lightshow, Up to 12 Hours of Play time, Splash Proof, Dual Mic & Guitar Inputs (Black)","10.69","4.0","B0CW89H6L6","JBL PartyBox On-The-Go Essential - Portable Party Speaker with Built-in Lights and Wireless mic, Amazing Pro Sound, IPX4 splashproof Protection, 6 Hours of Playtime, Convenient Shoulder Strap","9.18","4.0","2025-03-31"
"331748","mini karaoke machine for kids","YLL","IROO","CscyyAmz","Musical Instruments","Toys","Wireless","B0BBKW5G1T","YLL Mini Karaoke Machine for Kids Adults, Portable Bluetooth Speaker with 2 Wireless Microphones, Easter Birthday Gifts Toys for Girls Ages 3, 4, 5, 6, 7, 8, 9,10,11,12+ Years Old Toddler (Lightpink)","11.79","7.64","B0CGRRGY6S","Mini Karaoke Machine for Kids, Birthday Easter Gifts Toys for Girls Boys Friends Age 3-12+, Portable Bluetooth Speaker with 2 Wireless Mics, Karafun Premium Songs Family Home Party(Purple)","8.99","6.94","B0DHRXSZGH","CscyyAmz Mini Karaoke Machine for Kids Girls,Toys Birthday Gifts for Ages 4 5 6 7 8+ Year Old,Protable Bluetooth Speaker with 2 Wireless Microphone for Singing Party Outdoor Play (Pink)","7.05","3.13","2025-03-31"
"344082","car karaoke microphone","BONAOK","Singing Machine","StageSound","Musical Instruments","Toys","PC","B071SGMQ7V","BONAOK Wireless Bluetooth Karaoke Microphone,3-in-1 Portable Handheld Karaoke Mic Speaker Machine Home Party Birthday for All Smartphones PC(Q37 Rose Gold)","22.17","9.6","B07BHLGK87","BONAOK Bluetooth Wireless Karaoke Microphone with LED Lights,4-in-1 Portable Handheld Mic with Speaker Karaoke Player for Singing Home Party Toys Birthday Gift for Kids Adults Girls Q78(Rose Gold)","18.26","12.8","B000X1UGHS","Carpool Karaoke Machine for Kids & Adults, Carpool Karaoke The Mic 2.0 - Wireless & Bluetooth Karaoke Microphone with Voice Changing Sound Effects as White Elephant Gift - Gold & Black","13.85","16.8","2025-03-31"
"356448","ikarao smart karaoke machine for adults","Ikarao","PPMIC","VOSOCO","Musical Instruments","Toys","Electronics","B0CR1R7FKP","Ikarao Smart Karaoke Machine for Adults - with Lyrics Display, 64GB Karaoke Tablet, 2 Wireless Mics, Professional Karaoke System, 600W Peak Power, 4 DJ Lights, Karaoke Speaker for Any Occasion","27.25","36.67","B0DCZQX11P","Ikarao Smart Karaoke Machine, Built-in 10.1"" Screen Lyrics Display for Adults Kids, 2 Auto Charging Wireless Microphones, Portable Bluetooth Speaker PA System with WiFi, HDMI for Home TV Outdoor Party","21.9","18.33","B0DHPN1DMJ","Ikarao Portable Karaoke Machine for Adults, Built-in Lyrics Display and Screen, 2 Self-Charging Wireless Microphones, Karaoke App, 140W Speaker, Connects to TV for Home Party Birthday Outdoor Camping","16.3","8.33","2025-03-31"
"371877","karaoke machine for tv","PPMIC","VOSOCO","HWWR","Musical Instruments","Toys","Home Entertainment","B0D86TTLGZ","Karaoke Machine, Portable Bluetooth 5.3 Speaker with 2 Wireless Microphones for Adults, PA System with Pitch Correction & Echo Adjustment, Supports TWS/TF Card/USB/AUX/Live/REC for Home Party","14.81","3.23","B0CCJDG68C","VOSOCO Karaoke Machine, Portable Bluetooth Karaoke Speaker with 2 Wireless Microphones, PA System for Adults Kids with LED Lights, Supports REC/FM/AUX/USB/TF for Home Party","10.73","1.61","B0D1VJMSQG","Karaoke Machine, Portable Bluetooth Speaker with 2 Wireless Microphones for Adults & Kids with Lights, Karaoke Microphone with PA System Supports USB/TF/REC/FM/AUX for Home Party","5.71","3.23","2025-03-31"
"385803","bluetooth karaoke microphone","BONAOK","Peski","JBL","Musical Instruments","Toys","Electronics","B071SGMQ7V","BONAOK Wireless Bluetooth Karaoke Microphone,3-in-1 Portable Handheld Karaoke Mic Speaker Machine Home Party Birthday for All Smartphones PC(Q37 Rose Gold)","19.58","5.69","B07BHLGK87","BONAOK Bluetooth Wireless Karaoke Microphone with LED Lights,4-in-1 Portable Handheld Mic with Speaker Karaoke Player for Singing Home Party Toys Birthday Gift for Kids Adults Girls Q78(Rose Gold)","8.17","5.69","B0CY46S8M6","Karaoke Machine for Kids Adults, Portable Bluetooth Mini Karaoke Microphone Singing Speaker with 2 Wireless Mic and Light,Toys for All Smartphones,Birthday, Family,Home Party (Rose Gold)","5.49","4.07","2025-03-31"
"402666","karaoke machine with screen","PPMIC","Ikarao","BENPAL","Musical Instruments","Electronics","Toys","B0D86TTLGZ","Karaoke Machine, Portable Bluetooth 5.3 Speaker with 2 Wireless Microphones for Adults, PA System with Pitch Correction & Echo Adjustment, Supports TWS/TF Card/USB/AUX/Live/REC for Home Party","19.82","16.67","B0CR1R7FKP","Ikarao Smart Karaoke Machine for Adults - with Lyrics Display, 64GB Karaoke Tablet, 2 Wireless Mics, Professional Karaoke System, 600W Peak Power, 4 DJ Lights, Karaoke Speaker for Any Occasion","8.08","4.17","B0DX239M18","Smart Karaoke Machine with Lyrics Display, Built-in 14.0"" Touch Screen, with Bluetooth Party Speaker and Two Wireless Mics, Portable PA System for Home Outdoor Party","4.99","4.17","2025-03-31"
"420361","karaoke microphone for kids","Amazmic","BONAOK","YLL","Musical Instruments","Toys","Electronics","B08GJP4HHB","Amazmic Kids Karaoke Microphone Machine Toys for Girls Bluetooth Microphone with LED Light, Birthday Gift for Girls Boys 3 4 5 6 7 8 9 10 11 12 Year Old Kids Toys(Blue)","16.39","6.67","B071SGMQ7V","BONAOK Wireless Bluetooth Karaoke Microphone,3-in-1 Portable Handheld Karaoke Mic Speaker Machine Home Party Birthday for All Smartphones PC(Q37 Rose Gold)","9.34","2.78","B0CHS2VNHC","YLL Mini Kids Karaoke Machine with 2 Microphones, Karaoke Gifts for Girls Ages 3, 4, 5, 6, 7, 8, 9, 10, 12 +Year Old, 4-12 Years Old Birthday Toy Easter Gift for Girls Boys (Purple)","6.28","4.44","2025-03-31"
"421022","toddler karaoke machine","YLL","eKids","Peski","Toys","Musical Instruments","Electronics","B0BBKW5G1T","YLL Mini Karaoke Machine for Kids Adults, Portable Bluetooth Speaker with 2 Wireless Microphones, Easter Birthday Gifts Toys for Girls Ages 3, 4, 5, 6, 7, 8, 9,10,11,12+ Years Old Toddler (Lightpink)","12.73","12.5","B09MVV6V5P","VTech Sing It Out Karaoke Microphone, White","7.36","2.5","B0DQ97MHWD","eKids Ms Rachel Karaoke Microphone with Boombox for Fans of Toddler Toys, Kids Karaoke Machine with Built in Music","6.6","0.0","2025-03-31"
"422945","jyx karaoke machine","JYX","HWWR","PPMIC","Musical Instruments","Toys","Electronics","B09WYPBM1V","JYX Karaoke Machine with 2 Wireless Microphones for Adults, 8"" Big Bluetooth Party Speaker with 500W Peak Power, PA System with LED Disco Light, Rolling Wheels and Trolley, Perfect for Outdoor Home","24.81","22.06","B093SQ1PVC","JYX Karaoke Machine with 2 Wireless Microphones, Portable Bass/Treble Bluetooth Speaker with LED Light, Support TWS, AUX in, FM, REC PA System with Remote Control, Supply for Party/Adults/Kids","15.1","13.24","B08R38VS4K","JYX Karaoke Machine with 2 Wireless Microphones, 5200mAh Portable Speaker Set Bluetooth 5.0 Rechargeable PA System with TWS,FM, REC,Stage Subwoofer Supports BT/USB/TF Card/Aux for Party","10.48","10.29","2025-03-31"
"433820","karaoke party decorations","Luditek","Zhanmai","Avezano","Toys","Camera","Kitchen","B06WVB8P3B","Luditek Sound Activated Party Lights with Remote DJ Lighting, Disco Ball Strobe Stage Light for Home Room Dance Parties Birthday Karaoke Stocking Stuffers New Years Eve Halloween Christmas Decorations","6.48","5.05","B099DYTT9Z","Zhanmai 12 Pieces Inflatable Microphones Blow up Plastic Microphone Props Blow up Toys for Musical Concert Themed Party Cosplay Stage Birthday Decoration Supplies, Random Colors","6.0","3.03","B001K32CFM","VIP Stage Door Entrance Door Cover","4.58","2.02","2025-03-31"
"440186","magic sing karaoke system 2025","MAGIC SING","Ikarao","PPMIC","Musical Instruments","Toys","Electronics","B08D7X9D2D","New Magic Sing E5+ 5000+ Tagalog English Builtin Songs + WiFi Karaoke Two Wireless Mics. Now with Over 600 Songs, and Counting,with Vocal Guide in MAGICSING Streaming APPs.","36.7","43.75","B0DM45LKFB","Magic Sing 2025 New All-in-One Magicsing Karaoke ATK1000 English – Wireless Mic, Free Song Updates, No App Required","14.26","0.0","B082XKC1DS","2020 Magic Sing E5+ 5145 Tagalog English Songs + WiFi Karaoke Two Wireless Mics 12K English +1 Year Subscription for Tagalog Hindi Spanish Russian Vietnamese Japanese Korean Songs & More","5.93","6.25","2025-03-31"
"447112","karaoke machine kids","YLL","Peski","Kinglucky","Musical Instruments","Toys","Electronics","B0BBKW5G1T","YLL Mini Karaoke Machine for Kids Adults, Portable Bluetooth Speaker with 2 Wireless Microphones, Easter Birthday Gifts Toys for Girls Ages 3, 4, 5, 6, 7, 8, 9,10,11,12+ Years Old Toddler (Lightpink)","10.26","11.18","B0CFLBLPTN","Kinglucky TOP Karaoke Machine for Kids (with Fun Voice Effects & LED Lights) Most Popular Birthday Easter Gifts for 3-12+ Years Old Girls Boys, Mini Karaoke Machine with 2 Wireless Microphones Pink","9.12","4.61","B0CY46S8M6","Karaoke Machine for Kids Adults, Portable Bluetooth Mini Karaoke Microphone Singing Speaker with 2 Wireless Mic and Light,Toys for All Smartphones,Birthday, Family,Home Party (Rose Gold)","6.68","5.26","2025-03-31"
"471965","wireless karaoke microphone","BONAOK","JBL","Singing Machine","Musical Instruments","Electronics","Toys","B071SGMQ7V","BONAOK Wireless Bluetooth Karaoke Microphone,3-in-1 Portable Handheld Karaoke Mic Speaker Machine Home Party Birthday for All Smartphones PC(Q37 Rose Gold)","12.89","6.06","B07BHLGK87","BONAOK Bluetooth Wireless Karaoke Microphone with LED Lights,4-in-1 Portable Handheld Mic with Speaker Karaoke Player for Singing Home Party Toys Birthday Gift for Kids Adults Girls Q78(Rose Gold)","6.87","3.03","B000VXF2I6","Singing Machine Portable Wireless Microphone (Black) - Premium Unidirectional UHF Wireless Mic for Singing, Speeches & Events - Cordless Mic Compatible with Karaoke Machines, PA Systems & More","6.7","10.1","2025-03-31"
"474432","karaoke speaker with 2 microphones","Peski","JYX","CYY","Musical Instruments","Toys","Electronics","B0D1VJMSQG","Karaoke Machine, Portable Bluetooth Speaker with 2 Wireless Microphones for Adults & Kids with Lights, Karaoke Microphone with PA System Supports USB/TF/REC/FM/AUX for Home Party","7.6","6.06","B0DPMV795H","Karaoke Machine, Portable Bluetooth Speaker with 2 Wireless Karaoke Microphones, Karaoke Machine for Adults Kids with Upgraded Subwoofer, PA System, Support TWS/TF/USB/AUX for Home Party Outdoor","7.25","3.03","B0CY46S8M6","Karaoke Machine for Kids Adults, Portable Bluetooth Mini Karaoke Microphone Singing Speaker with 2 Wireless Mic and Light,Toys for All Smartphones,Birthday, Family,Home Party (Rose Gold)","6.22","7.58","2025-03-31"
"492403","mini karaoke","Peski","YLL","BEILIHART","Musical Instruments","Toys","Electronics","B0BBKW5G1T","YLL Mini Karaoke Machine for Kids Adults, Portable Bluetooth Speaker with 2 Wireless Microphones, Easter Birthday Gifts Toys for Girls Ages 3, 4, 5, 6, 7, 8, 9,10,11,12+ Years Old Toddler (Lightpink)","9.68","3.28","B0D3YS7LF2","Koolcover Mini Karaoke Machine for Kids Adults, Portable Bluetooth Speaker with 2 Wireless Microphones,Toys Birthday Gifts for Girls Ages 4, 5, 6, 7, 8,9,10,11,12+ Family Home Party (Purple)","9.32","9.02","B0CY46S8M6","Karaoke Machine for Kids Adults, Portable Bluetooth Mini Karaoke Microphone Singing Speaker with 2 Wireless Mic and Light,Toys for All Smartphones,Birthday, Family,Home Party (Rose Gold)","8.24","5.74","2025-03-31"
"495055","karaoke system","Rockville","PPMIC","Ikarao","Musical Instruments","Electronics","Home Entertainment","B0D86TTLGZ","Karaoke Machine, Portable Bluetooth 5.3 Speaker with 2 Wireless Microphones for Adults, PA System with Pitch Correction & Echo Adjustment, Supports TWS/TF Card/USB/AUX/Live/REC for Home Party","5.77","3.57","B0DC1KVYJT","VIZIO MicMe 2.1 Karaoke Soundbar, 2 Wireless Microphones, Wireless Subwoofer w/Dolby Atmos, DTS:X, Bluetooth Speaker — SK210X-0805 (New)","4.86","10.71","B01JGY2GDY","Professional PA System with 8-Channel Mixer - Gemini Sound Portable Dual 10"" Speakers, 600W Amp, Bluetooth, USB/SD, Includes 2 Speaker Stands, Mic, and Durable Design for DJs, Musicians, and Events","4.32","0.0","2025-03-31"
"510707","bluetooth microphone karaoke","BONAOK","JBL","Peski","Musical Instruments","Toys","Electronics","B071SGMQ7V","BONAOK Wireless Bluetooth Karaoke Microphone,3-in-1 Portable Handheld Karaoke Mic Speaker Machine Home Party Birthday for All Smartphones PC(Q37 Rose Gold)","14.31","5.13","B08WHHWRST","JBL Wireless Two Microphone System with Dual-Channel Receiver, Black","9.85","2.56","B07BHLGK87","BONAOK Bluetooth Wireless Karaoke Microphone with LED Lights,4-in-1 Portable Handheld Mic with Speaker Karaoke Player for Singing Home Party Toys Birthday Gift for Kids Adults Girls Q78(Rose Gold)","7.81","3.85","2025-03-31"
"519464","bonaok wireless bluetooth karaoke microphone","BONAOK","Core Innovations","MetFut","Musical Instruments","Home","Electronics","B071SGMQ7V","BONAOK Wireless Bluetooth Karaoke Microphone,3-in-1 Portable Handheld Karaoke Mic Speaker Machine Home Party Birthday for All Smartphones PC(Q37 Rose Gold)","39.13","12.9","B07BHLGK87","BONAOK Bluetooth Wireless Karaoke Microphone with LED Lights,4-in-1 Portable Handheld Mic with Speaker Karaoke Player for Singing Home Party Toys Birthday Gift for Kids Adults Girls Q78(Rose Gold)","20.98","19.35","B08LYL3MRY","BONAOK Karaoke Microphone, Portable Wireless Bluetooth Karaoke Mic for Adults&Kids Car Home Outdoor Party, Karaoke Machine for PC/All Smartphone G50 Black 2025","14.37","8.06","2025-03-31"
"542384","jbl karaoke machine","JBL","PPMIC","Ikarao","Electronics","Musical Instruments","Toys","B08HG2YC65","JBL PartyBox On-The-Go Powerful Portable Bluetooth Party Speaker with Dynamic Light Show, black","16.77","4.55","B0CW89H6L6","JBL PartyBox On-The-Go Essential - Portable Party Speaker with Built-in Lights and Wireless mic, Amazing Pro Sound, IPX4 splashproof Protection, 6 Hours of Playtime, Convenient Shoulder Strap","10.65","18.18","B0CTD6WMXT","JBL PartyBox Club 120 - Portable Party Speaker with Foldable Handle, Powerful JBL Pro Sound, Futuristic lightshow, Up to 12 Hours of Play time, Splash Proof, Dual Mic & Guitar Inputs (Black)","10.06","0.0","2025-03-31"
"542384","microphone for karaoke","BONAOK","Singing Machine","YIOWNER","Musical Instruments","Electronics","PC","B000XI6O2W","Singing Machine Wired Microphone for Karaoke, (Black) - Unidirectional Dynamic Vocal Microphone - Plug-in Microphone for Karaoke Machine, AMP, & Speaker - Mic for Singing, Public Speaking, & Parties","8.88","5.81","B08QSJMHKW","YIOWNER Wired Microphone, Karaoke Microphone, Handheld Microphone for Singing, Mic Karaoke with 2.5m Cable, Vocal Dynamic Mic for Speaker, AMP, Mixer, DVD","8.68","12.79","B071SGMQ7V","BONAOK Wireless Bluetooth Karaoke Microphone,3-in-1 Portable Handheld Karaoke Mic Speaker Machine Home Party Birthday for All Smartphones PC(Q37 Rose Gold)","8.68","1.16","2025-03-31"
"556607","kids karaoke microphone","Amazmic","BONAOK","Move2Play","Musical Instruments","Toys","Home","B08GJP4HHB","Amazmic Kids Karaoke Microphone Machine Toys for Girls Bluetooth Microphone with LED Light, Birthday Gift for Girls Boys 3 4 5 6 7 8 9 10 11 12 Year Old Kids Toys(Blue)","18.83","10.74","B0CRPN8LDX","Move2Play, Kids Karaoke Microphone | Includes Pre-Loaded Songs & Bluetooth | Kids Birthday & Easter Gift | Toy for All Ages 2, 3, 4, 5, 6+ Year Old Girls, Boys & Toddlers","9.92","4.7","B09MVV6V5P","VTech Sing It Out Karaoke Microphone, White","7.09","4.7","2025-03-31"
"573035","karaoke microphone bluetooth","BONAOK","JBL","Singing Machine","Musical Instruments","Toys","Electronics","B071SGMQ7V","BONAOK Wireless Bluetooth Karaoke Microphone,3-in-1 Portable Handheld Karaoke Mic Speaker Machine Home Party Birthday for All Smartphones PC(Q37 Rose Gold)","14.58","12.77","B07BHLGK87","BONAOK Bluetooth Wireless Karaoke Microphone with LED Lights,4-in-1 Portable Handheld Mic with Speaker Karaoke Player for Singing Home Party Toys Birthday Gift for Kids Adults Girls Q78(Rose Gold)","7.5","6.38","B08WHHWRST","JBL Wireless Two Microphone System with Dual-Channel Receiver, Black","7.5","1.06","2025-03-31"
"598743","kids karaoke","YLL","Peski","IROO","Musical Instruments","Toys","Digital_Music_Purchase","B0BBKW5G1T","YLL Mini Karaoke Machine for Kids Adults, Portable Bluetooth Speaker with 2 Wireless Microphones, Easter Birthday Gifts Toys for Girls Ages 3, 4, 5, 6, 7, 8, 9,10,11,12+ Years Old Toddler (Lightpink)","13.73","12.87","B0CY46S8M6","Karaoke Machine for Kids Adults, Portable Bluetooth Mini Karaoke Microphone Singing Speaker with 2 Wireless Mic and Light,Toys for All Smartphones,Birthday, Family,Home Party (Rose Gold)","6.32","5.94","B0CHS2VNHC","YLL Mini Kids Karaoke Machine with 2 Microphones, Karaoke Gifts for Girls Ages 3, 4, 5, 6, 7, 8, 9, 10, 12 +Year Old, 4-12 Years Old Birthday Toy Easter Gift for Girls Boys (Purple)","6.32","4.95","2025-03-31"
"622869","karaoke songs",,"Karaoke","Jasper and Mali","Digital_Music_Purchase","Music","Musical Instruments","B09HWQSVCF","Karaoke Night","40.59","0.0","B0CLXSL387","Sing-along Anthems","19.73","0.0","B002KASLLS","Party Tyme Karaoke","11.34","0.0","2025-03-31"
"631446","bluetooth karaoke machine","Peski","PPMIC","VOSOCO","Musical Instruments","Toys","Electronics","B0CCJDG68C","VOSOCO Karaoke Machine, Portable Bluetooth Karaoke Speaker with 2 Wireless Microphones, PA System for Adults Kids with LED Lights, Supports REC/FM/AUX/USB/TF for Home Party","8.97","8.33","B0D86TTLGZ","Karaoke Machine, Portable Bluetooth 5.3 Speaker with 2 Wireless Microphones for Adults, PA System with Pitch Correction & Echo Adjustment, Supports TWS/TF Card/USB/AUX/Live/REC for Home Party","8.28","5.0","B0D1VJMSQG","Karaoke Machine, Portable Bluetooth Speaker with 2 Wireless Microphones for Adults & Kids with Lights, Karaoke Microphone with PA System Supports USB/TF/REC/FM/AUX for Home Party","6.9","10.0","2025-03-31"
"640343","portable karaoke machine with 2 wireless microphones","Peski","CYY","PPMIC","Musical Instruments","Toys","Electronics","B0D1VJMSQG","Karaoke Machine, Portable Bluetooth Speaker with 2 Wireless Microphones for Adults & Kids with Lights, Karaoke Microphone with PA System Supports USB/TF/REC/FM/AUX for Home Party","11.66","8.06","B0CY46S8M6","Karaoke Machine for Kids Adults, Portable Bluetooth Mini Karaoke Microphone Singing Speaker with 2 Wireless Mic and Light,Toys for All Smartphones,Birthday, Family,Home Party (Rose Gold)","9.32","3.23","B0D86TTLGZ","Karaoke Machine, Portable Bluetooth 5.3 Speaker with 2 Wireless Microphones for Adults, PA System with Pitch Correction & Echo Adjustment, Supports TWS/TF Card/USB/AUX/Live/REC for Home Party","7.93","4.84","2025-03-31"
"700655","frozen karaoke machine for girls","eKids","Webspidee","YLL","Toys","Musical Instruments","Electronics","B0864QFCCT","eKids Disney Frozen Karaoke Microphone with Bluetooth Speaker for Fans of Disney Toys, Kids Karaoke Machine with Built in Music","69.39","80.22","B0864S8RJF","Frozen 2 Bluetooth Portable MP3 Karaoke Machine Player with Light Show Store Hours of Music with Built in Memory Sing Along Using The Real Working Microphone USB Port to Expand Your Content","6.12","1.1","B07VHSGHZV","eKids Frozen 2 Bluetooth CDG Karaoke Machine with LED Disco Party Lights, Built in Microphone for Kids, Portable Bluetooth Speaker, Compatible with CDG Disks, MP3 & TV","4.34","2.2","2025-03-31"
"702492","moukey karaoke machine","Moukey","HWWR","VOSOCO","Musical Instruments","Electronics","Toys","B0BRC6Y7SC","Moukey Karaoke Machine, 10"" Woofer Portable PA System, Bluetooth Speaker with 2 Wireless Microphones, Lyrics Display Tablet Holder, Party Lights & Echo/Treble/Bass Adjustment Support REC/AUX/USB/TF","42.97","54.76","B0C1SBWW9V","Moukey Karaoke Machine, Double 10"" Woofer PA System for Party, Portable Bluetooth Speaker with 2 Wireless Microphone, Disco Lights and Echo/Treble/Bass Adjustment, Support TWS/REC/AUX/MP3/USB/TF/FM","23.53","11.9","B0C1SC8MR9","Moukey Karaoke Machine, 12"" Woofer PA System, Portable Bluetooth Speaker with 2 Wireless Microphones, Party Lights and Echo/Treble/Bass Adjustment, Supports TWS/REC/AUX IN/MP3/USB/TF/FM - MTs12-1","13.55","9.52","2025-03-31"
"756236","karaoke equipment","PPMIC","Singing Machine","JYX","Musical Instruments","Electronics","Toys","B0D86TTLGZ","Karaoke Machine, Portable Bluetooth 5.3 Speaker with 2 Wireless Microphones for Adults, PA System with Pitch Correction & Echo Adjustment, Supports TWS/TF Card/USB/AUX/Live/REC for Home Party","7.16","0.0","B00JBJ2HNO","Singtrix Portable Karaoke Machine On Shark Tank, Kids & Adults, All-In-One Karaoke System, 350+Voice Effects & Autotuning, PA Speaker, Party Bundle, Karaoke Microphone, Use Free YouTube Karaoke Songs","4.68","0.0","B0D1VJMSQG","Karaoke Machine, Portable Bluetooth Speaker with 2 Wireless Microphones for Adults & Kids with Lights, Karaoke Microphone with PA System Supports USB/TF/REC/FM/AUX for Home Party","4.13","16.67","2025-03-31"
"779601","karaoke machine for kids 8-12","YLL","Peski","CYY","Musical Instruments","Toys","Home","B0D1VJMSQG","Karaoke Machine, Portable Bluetooth Speaker with 2 Wireless Microphones for Adults & Kids with Lights, Karaoke Microphone with PA System Supports USB/TF/REC/FM/AUX for Home Party","11.65","7.59","B0BBKW5G1T","YLL Mini Karaoke Machine for Kids Adults, Portable Bluetooth Speaker with 2 Wireless Microphones, Easter Birthday Gifts Toys for Girls Ages 3, 4, 5, 6, 7, 8, 9,10,11,12+ Years Old Toddler (Lightpink)","9.94","6.33","B0CCJDG68C","VOSOCO Karaoke Machine, Portable Bluetooth Karaoke Speaker with 2 Wireless Microphones, PA System for Adults Kids with LED Lights, Supports REC/FM/AUX/USB/TF for Home Party","5.4","3.8","2025-03-31"
"797555","professional karaoke machine for adults","Ikarao","PPMIC","SINGMOOD","Musical Instruments","Toys","Electronics","B0CR1R7FKP","Ikarao Smart Karaoke Machine for Adults - with Lyrics Display, 64GB Karaoke Tablet, 2 Wireless Mics, Professional Karaoke System, 600W Peak Power, 4 DJ Lights, Karaoke Speaker for Any Occasion","12.21","0.0","B0D86TTLGZ","Karaoke Machine, Portable Bluetooth 5.3 Speaker with 2 Wireless Microphones for Adults, PA System with Pitch Correction & Echo Adjustment, Supports TWS/TF Card/USB/AUX/Live/REC for Home Party","10.17","10.0","B09WYPBM1V","JYX Karaoke Machine with 2 Wireless Microphones for Adults, 8"" Big Bluetooth Party Speaker with 500W Peak Power, PA System with LED Disco Light, Rolling Wheels and Trolley, Perfect for Outdoor Home","3.78","0.0","2025-03-31"
"802273","kid karaoke machine","YLL","Kinglucky","IROO","Musical Instruments","Toys","Electronics","B0BBKW5G1T","YLL Mini Karaoke Machine for Kids Adults, Portable Bluetooth Speaker with 2 Wireless Microphones, Easter Birthday Gifts Toys for Girls Ages 3, 4, 5, 6, 7, 8, 9,10,11,12+ Years Old Toddler (Lightpink)","14.91","16.83","B0CFLBLPTN","Kinglucky TOP Karaoke Machine for Kids (with Fun Voice Effects & LED Lights) Most Popular Birthday Easter Gifts for 3-12+ Years Old Girls Boys, Mini Karaoke Machine with 2 Wireless Microphones Pink","10.53","3.96","B0CGRRGY6S","Mini Karaoke Machine for Kids, Birthday Easter Gifts Toys for Girls Boys Friends Age 3-12+, Portable Bluetooth Speaker with 2 Wireless Mics, Karafun Premium Songs Family Home Party(Purple)","8.48","5.94","2025-03-31"
"802273","kids karaoke machine for boys","Peski","BEILIHART","Webspidee","Musical Instruments","Toys","Electronics","B0CX59GS8X","Karaoke Machine for Kids Adults, Portable Bluetooth Mini Karaoke Microphone Singing Speaker with 2 Wireless Mic and Light,Toys for All Smartphones,Birthday, Family,Home Party (Black)","16.67","13.79","B0CNX6MMK3","Mini Karaoke Machine, Portable Bluetooth Karaoke Speaker with 2 Wireless Microphones and Party Lights for Kids and Adults, Birthday Gifts for Girls Boys Family Home Party","11.7","13.79","B0DFCR699K","Mini Karaoke Machine Toys Gifts: Kids Toys Easter Birthday Gifts for 4 5 6 7 8 9 Years Old Girl Boy LED Portable Bluetooth Speaker with 2 Wireless Microphone Girl Boy Kid Adult Gift Toy Age 3-12+","9.06","5.75","2025-03-31"
"821154","karaoke machine jbl","JBL","PPMIC","CYY","Electronics","Musical Instruments","Toys","B08HG2YC65","JBL PartyBox On-The-Go Powerful Portable Bluetooth Party Speaker with Dynamic Light Show, black","13.17","10.53","B0CW89H6L6","JBL PartyBox On-The-Go Essential - Portable Party Speaker with Built-in Lights and Wireless mic, Amazing Pro Sound, IPX4 splashproof Protection, 6 Hours of Playtime, Convenient Shoulder Strap","10.78","5.26","B0CTD6WMXT","JBL PartyBox Club 120 - Portable Party Speaker with Foldable Handle, Powerful JBL Pro Sound, Futuristic lightshow, Up to 12 Hours of Play time, Splash Proof, Dual Mic & Guitar Inputs (Black)","8.08","0.0","2025-03-31"
"828457","karaoke amplifier","Pyle","Technical Pro","Moukey","Electronics","Musical Instruments","Wireless","B08H4R221Z","Moukey Stereo Receivers with Bluetooth 5.0, 400W 2.0 Channel Power Audio Amplifier Stereo System w/USB, SD, AUX, RCA, MIC in w/Echo, LED for Karaoke, Home Theater Speakers - MAMP1","8.46","11.11","B08ZYR2GG6","Technical Pro 3000 Watts Professional Mic Mixing Amplifier w/USB SD Card Inputs, Bluetooth Compatibility, Built-in Dual 10 Band Equalizers, for Karaoke Audio Home Stereo Receiver Box System","8.16","0.0","B07P684PVV","Pyle 500W Karaoke Wireless Bluetooth Amplifier - 4 Channel Stereo Audio Receiver with AUX IN, FM Radio, RCA Subwoofer Speaker OUT, USB, Microphone IN with Echo, 500W Peak Power into 4-8 OHMS - PTA44BT","7.25","0.0","2025-03-31"
"840928","portable karaoke","Peski","Ikarao","CYY","Musical Instruments","Toys","Electronics","B0CY46S8M6","Karaoke Machine for Kids Adults, Portable Bluetooth Mini Karaoke Microphone Singing Speaker with 2 Wireless Mic and Light,Toys for All Smartphones,Birthday, Family,Home Party (Rose Gold)","11.66","17.02","B0D1VJMSQG","Karaoke Machine, Portable Bluetooth Speaker with 2 Wireless Microphones for Adults & Kids with Lights, Karaoke Microphone with PA System Supports USB/TF/REC/FM/AUX for Home Party","7.06","0.0","B0DHPN1DMJ","Ikarao Portable Karaoke Machine for Adults, Built-in Lyrics Display and Screen, 2 Self-Charging Wireless Microphones, Karaoke App, 140W Speaker, Connects to TV for Home Party Birthday Outdoor Camping","6.44","4.26","2025-03-31"
"864321","car karaoke","BONAOK","Singing Machine","Peski","Musical Instruments","Toys","Digital_Music_Purchase","B000X1UGHS","Carpool Karaoke Machine for Kids & Adults, Carpool Karaoke The Mic 2.0 - Wireless & Bluetooth Karaoke Microphone with Voice Changing Sound Effects as White Elephant Gift - Gold & Black","14.83","20.59","B071SGMQ7V","BONAOK Wireless Bluetooth Karaoke Microphone,3-in-1 Portable Handheld Karaoke Mic Speaker Machine Home Party Birthday for All Smartphones PC(Q37 Rose Gold)","11.04","5.88","B07BHLGK87","BONAOK Bluetooth Wireless Karaoke Microphone with LED Lights,4-in-1 Portable Handheld Mic with Speaker Karaoke Player for Singing Home Party Toys Birthday Gift for Kids Adults Girls Q78(Rose Gold)","7.89","2.94","2025-03-31"
"866991","small karaoke machine with 2 mic","Peski","BEILIHART","YLL","Musical Instruments","Toys","Wireless","B0CY46S8M6","Karaoke Machine for Kids Adults, Portable Bluetooth Mini Karaoke Microphone Singing Speaker with 2 Wireless Mic and Light,Toys for All Smartphones,Birthday, Family,Home Party (Rose Gold)","11.71","9.21","B0BBKW5G1T","YLL Mini Karaoke Machine for Kids Adults, Portable Bluetooth Speaker with 2 Wireless Microphones, Easter Birthday Gifts Toys for Girls Ages 3, 4, 5, 6, 7, 8, 9,10,11,12+ Years Old Toddler (Lightpink)","9.18","10.53","B0D3YS7LF2","Koolcover Mini Karaoke Machine for Kids Adults, Portable Bluetooth Speaker with 2 Wireless Microphones,Toys Birthday Gifts for Girls Ages 4, 5, 6, 7, 8,9,10,11,12+ Family Home Party (Purple)","7.91","2.63","2025-03-31"
"872319","karaoke machines","HWWR","PPMIC","CYY","Musical Instruments","Toys","Electronics","B0D1VJMSQG","Karaoke Machine, Portable Bluetooth Speaker with 2 Wireless Microphones for Adults & Kids with Lights, Karaoke Microphone with PA System Supports USB/TF/REC/FM/AUX for Home Party","10.51","12.0","B0D86TTLGZ","Karaoke Machine, Portable Bluetooth 5.3 Speaker with 2 Wireless Microphones for Adults, PA System with Pitch Correction & Echo Adjustment, Supports TWS/TF Card/USB/AUX/Live/REC for Home Party","7.96","8.0","B0CZQRBVW1","Karaoke Machine with 2 Microphones: HWWR Portable Karaoke Machine for Adults Kids, Bluetooth Karaoke Speaker with Bass/Treble Adjustment, PA System with Remote Control/LED Lights, Support REC/USB/AUX","5.41","4.0","2025-03-31"
"883420","karaoke microphone for adults","BONAOK","Peski","StageSound","Musical Instruments","Toys","Electronics","B071SGMQ7V","BONAOK Wireless Bluetooth Karaoke Microphone,3-in-1 Portable Handheld Karaoke Mic Speaker Machine Home Party Birthday for All Smartphones PC(Q37 Rose Gold)","14.19","10.42","B07BHLGK87","BONAOK Bluetooth Wireless Karaoke Microphone with LED Lights,4-in-1 Portable Handheld Mic with Speaker Karaoke Player for Singing Home Party Toys Birthday Gift for Kids Adults Girls Q78(Rose Gold)","7.1","2.08","B0B8HZK281","Wireless Bluetooth Karaoke Microphone, 5-in-1 Portable Handheld Mic Speaker with Dynamic RGB Lights, Mini Karaoke Machine for Car Travel Home Party, Music Recording, Duet Singing, Gift for Kids Adults","6.45","0.0","2025-03-31"
"915306","karaoke cds with lyrics","Karaoke",,"Zoom Karaoke","Music","Musical Instruments","Authority_Non_Buyable","B082MW27FX","Mr. Entertainer Karaoke Megahits","7.69","0.0","B0749WP413","Party Tyme Karaoke: Billboard Top 40 Karaoke Box Set 7","7.02","3.57","B07MP7RVB3","Zoom Country Karaoke Superhits","6.69","0.0","2025-03-31"
"927396","karaoke machine for adults with lyrics display","PPMIC","VOSOCO","Ikarao","Musical Instruments","Toys","Electronics","B0D86TTLGZ","Karaoke Machine, Portable Bluetooth 5.3 Speaker with 2 Wireless Microphones for Adults, PA System with Pitch Correction & Echo Adjustment, Supports TWS/TF Card/USB/AUX/Live/REC for Home Party","18.31","23.53","B0CCJDG68C","VOSOCO Karaoke Machine, Portable Bluetooth Karaoke Speaker with 2 Wireless Microphones, PA System for Adults Kids with LED Lights, Supports REC/FM/AUX/USB/TF for Home Party","11.53","11.76","B0DJLQ71D4","Karaoke Machine for Adults & Kids, Portable Bluetooth Speaker with 2 Wireless Microphones, PA System with LED Light, Karaoke Machine Supports REC/FM/AUX/USB/TF for Party/Meeting","5.42","5.88","2025-03-31"
"936788","karaoke microphones","BONAOK","JBL","Caymuller","Musical Instruments","Electronics","Toys","B071SGMQ7V","BONAOK Wireless Bluetooth Karaoke Microphone,3-in-1 Portable Handheld Karaoke Mic Speaker Machine Home Party Birthday for All Smartphones PC(Q37 Rose Gold)","15.75","1.96","B07BHLGK87","BONAOK Bluetooth Wireless Karaoke Microphone with LED Lights,4-in-1 Portable Handheld Mic with Speaker Karaoke Player for Singing Home Party Toys Birthday Gift for Kids Adults Girls Q78(Rose Gold)","6.16","5.88","B0C6DGZG85","Caymuller Wireless Bluetooth Karaoke Microphone 2 Pack, 4-in-1 Handheld Mic Speaker for Singing, Karaoke Machine for Phone Android PC, Great Birthday Gifts for Girls Kids Adults for Party,Home KTV","5.82","3.92","2025-03-31"
"959227","xzl professional wireless microphones for karaoke singing","JBL","HWWR","DFTRT","Musical Instruments","Electronics","PC","B08WHHWRST","JBL Wireless Two Microphone System with Dual-Channel Receiver, Black","12.98","0.0","B0D72S7QBY","DFTRT Wireless Microphones, UHF Metal Rechargeable Cordless Dynamic Mic System with Auto-Connect Receiver, 160ft Range Professional Wireless Microphone for Karaoke, Party and PA System","11.58","50.0","B0CF23Y8F5","HWWR Wireless Microphones, Professional UHF Dual Microphones for Karaoke, Wireless Dynamic Microphone System Set with Rechargeable Receiver,Plug and Play,Instrument-Wireless-Microphones","10.18","0.0","2025-03-31"
"969211","masingo karaoke machine","MASINGO","Ikarao","HWWR","Musical Instruments","Toys","Electronics","B089WBFN39","MASINGO Karaoke Machine for Adults and Kids with 2 Bluetooth Wireless Microphones. Portable Singing PA Speaker System with Disco Ball Lights, Lyrics Display Tablet Holder & TV Cable. Soprano X1 2.0","18.44","14.29","B0CVQGG5PM","Professional Karaoke Machine with Lyrics Display Screen for Adults, 2 Wireless Microphones, LED Lights, Bluetooth Portable PA Speaker System with Upgraded Built in 15"" Tablet & WiFi, Allegro X8 2.0","11.7","9.52","B0B6JLH5SY","MASINGO Karaoke Machine for Adults and Kids with 2 Wireless Microphones, Portable Bluetooth Singing Speaker, Colorful LED Lights, PA System, Lyrics Display Phone Holder, and TV Cable. Presto G2","6.74","0.0","2025-03-31"
"979182","karaoke for kids","YLL","Peski","IROO","Musical Instruments","Toys","Digital_Music_Purchase","B0BBKW5G1T","YLL Mini Karaoke Machine for Kids Adults, Portable Bluetooth Speaker with 2 Wireless Microphones, Easter Birthday Gifts Toys for Girls Ages 3, 4, 5, 6, 7, 8, 9,10,11,12+ Years Old Toddler (Lightpink)","13.62","9.52","B0CY46S8M6","Karaoke Machine for Kids Adults, Portable Bluetooth Mini Karaoke Microphone Singing Speaker with 2 Wireless Mic and Light,Toys for All Smartphones,Birthday, Family,Home Party (Rose Gold)","5.73","6.35","B0CHS2VNHC","YLL Mini Kids Karaoke Machine with 2 Microphones, Karaoke Gifts for Girls Ages 3, 4, 5, 6, 7, 8, 9, 10, 12 +Year Old, 4-12 Years Old Birthday Toy Easter Gift for Girls Boys (Purple)","5.73","4.76","2025-03-31"
"989622","yll mini karaoke machine for kids","YLL","VERKB","IROO","Toys","Musical Instruments","Electronics","B0BBKW5G1T","YLL Mini Karaoke Machine for Kids Adults, Portable Bluetooth Speaker with 2 Wireless Microphones, Easter Birthday Gifts Toys for Girls Ages 3, 4, 5, 6, 7, 8, 9,10,11,12+ Years Old Toddler (Lightpink)","60.14","38.94","B0CHS2VNHC","YLL Mini Kids Karaoke Machine with 2 Microphones, Karaoke Gifts for Girls Ages 3, 4, 5, 6, 7, 8, 9, 10, 12 +Year Old, 4-12 Years Old Birthday Toy Easter Gift for Girls Boys (Purple)","7.97","9.73","B0DBQZLX75","YLL Mini Karaoke Machine for Kids Adults: Portable Loud Speaker with 4 Wireless Microphones -Popular Easter Birthday Party Gifts for Girls Boys 3, 4, 5, 6, 7, 8, 9, 10+ Year Old Toys (Pink-4 Mics)","6.16","3.54","2025-03-31"
"1003812","karaoke mixer with wireless microphone","FIFINE","Sound Town","Rybozen","Musical Instruments","Electronics","PC","B01N6448Q4","FIFINE UHF Dual Channel Wireless Handheld Microphone, Easy-to-use Karaoke Wireless Microphone System-K036","11.03","4.55","B07MFV1KRB","Rybozen Wireless Microphone Karaoke Mixer System, Dual Handheld Wireless Microphone for Karaoke, Smart TV, PC, Speaker, Amplifier, Church, Wedding - Support HDMI, AUX In/Out","6.99","9.09","B07RJLKBRD","TONOR Wireless Microphone, Metal Dual Professional UHF Cordless Dynamic Mic Handheld Microphone System for Home Karaoke, Meeting, Party, Church, DJ, Wedding, Home KTV Set, 200ft, TW-820 Grey","6.62","0.0","2025-03-31"
"1018438","bonaok karaoke microphone","BONAOK","MetFut","BEILIHART","Musical Instruments","Home",,"B071SGMQ7V","BONAOK Wireless Bluetooth Karaoke Microphone,3-in-1 Portable Handheld Karaoke Mic Speaker Machine Home Party Birthday for All Smartphones PC(Q37 Rose Gold)","32.84","14.63","B08LYL3MRY","BONAOK Karaoke Microphone, Portable Wireless Bluetooth Karaoke Mic for Adults&Kids Car Home Outdoor Party, Karaoke Machine for PC/All Smartphone G50 Black 2025","23.51","12.2","B07BHLGK87","BONAOK Bluetooth Wireless Karaoke Microphone with LED Lights,4-in-1 Portable Handheld Mic with Speaker Karaoke Player for Singing Home Party Toys Birthday Gift for Kids Adults Girls Q78(Rose Gold)","18.66","14.63","2025-03-31"
"1025721","karaoke machine￼","HWWR","CYY","Peski","Musical Instruments","Toys","Electronics","B0D1VJMSQG","Karaoke Machine, Portable Bluetooth Speaker with 2 Wireless Microphones for Adults & Kids with Lights, Karaoke Microphone with PA System Supports USB/TF/REC/FM/AUX for Home Party","11.28","19.44","B0CZQRBVW1","Karaoke Machine with 2 Microphones: HWWR Portable Karaoke Machine for Adults Kids, Bluetooth Karaoke Speaker with Bass/Treble Adjustment, PA System with Remote Control/LED Lights, Support REC/USB/AUX","7.89","5.56","B0CCJDG68C","VOSOCO Karaoke Machine, Portable Bluetooth Karaoke Speaker with 2 Wireless Microphones, PA System for Adults Kids with LED Lights, Supports REC/FM/AUX/USB/TF for Home Party","7.52","2.78","2025-03-31"
"1033357","micrófonos inalámbricos para karaoke","HUACAM","BONAOK","JBL","Musical Instruments","Electronics","PC","B0CNVVTF3P","HUACAM Wireless Microphone,Rechargeable Wireless Dual UHF Microphone,Dual Handheld Dynamic Wireless Mic for Karaoke Singing, Wedding, DJ, Party, Speech, Church, Class Use,PA System,200ft,Gray","11.36","10.71","B071SGMQ7V","BONAOK Wireless Bluetooth Karaoke Microphone,3-in-1 Portable Handheld Karaoke Mic Speaker Machine Home Party Birthday for All Smartphones PC(Q37 Rose Gold)","6.06","0.0","B000VXF2I6","Singing Machine Portable Wireless Microphone (Black) - Premium Unidirectional UHF Wireless Mic for Singing, Speeches & Events - Cordless Mic Compatible with Karaoke Machines, PA Systems & More","4.92","10.71","2025-03-31"
"1040939","karaoke set","PPMIC","Peski","CYY","Musical Instruments","Toys","Electronics","B0D86TTLGZ","Karaoke Machine, Portable Bluetooth 5.3 Speaker with 2 Wireless Microphones for Adults, PA System with Pitch Correction & Echo Adjustment, Supports TWS/TF Card/USB/AUX/Live/REC for Home Party","11.83","0.0","B0D1VJMSQG","Karaoke Machine, Portable Bluetooth Speaker with 2 Wireless Microphones for Adults & Kids with Lights, Karaoke Microphone with PA System Supports USB/TF/REC/FM/AUX for Home Party","9.54","12.5","B0CY46S8M6","Karaoke Machine for Kids Adults, Portable Bluetooth Mini Karaoke Microphone Singing Speaker with 2 Wireless Mic and Light,Toys for All Smartphones,Birthday, Family,Home Party (Rose Gold)","4.96","0.0","2025-03-31"
"1056714","audio mixer for karaoke","Pyle","DGNOG","YAMAHA","Musical Instruments","PC","Electronics","B0B3TFQ1RQ","Professional Audio Mixer, 4 Channel Sound Mixer With Dual Wireless Mic, Sound Board Console MP3 Bluetooth 48V Phantom Power USB Interface DJ Mixing for Home Karaoke Party Computer Studio Recording","11.63","0.0","B00IBIVL42","YAMAHA MG10XU 10-Input Stereo Mixer with Effects","6.98","16.67","B0BZP95YB5","FIFINE Gaming Audio Mixer, Streaming RGB PC Mixer with XLR Microphone Interface, Individual Control, Volume Fader, Mute Button, 48V Phantom Power, for Podcast/Recording/Vocal/Game Voice-AmpliGame SC3","5.43","0.0","2025-03-31"
"1060724","shower karaoke wall art","WHQethrial","Acqooeakt","nghtuiyocw","Home","Guild","Lawn and Garden","B0DDPKP9R2","Trendy Blue Posters Funny Shower Karaoke Ticket Wall Art Decor Retro Preppy Coastal Beachy Canvas Prints Coquette Cream Singing Sign for College Dorm Teen Girl Bathroom Aesthetic 12x16inch Unframed","10.51","13.33","B0DP6RVZG9","Funny Bathroom Wall Art Pink Shower Karaoke Ticket Canvas Poster Trendy Retro Girly Bathroom Art Decor Shower Singing Aesthetic Picture for Preppy Dorm Washroom Restroom Decoration, 8x10 Inch Framed","7.0","6.67","B0D6VD61S4","Funny Shower Karaoke Ticket Print Canvas Poster for Decor, Retro Black Toilet Wall Art, Cute Bath Decor, Aesthetic Bathroom Art, 8x12inch Framed","7.0","0.0","2025-03-31"
"1076942","jbl karaoke speaker","JBL","Peski","Gesnada","Electronics","Musical Instruments","Toys","B08HG2YC65","JBL PartyBox On-The-Go Powerful Portable Bluetooth Party Speaker with Dynamic Light Show, black","14.23","16.67","B0CTD6WMXT","JBL PartyBox Club 120 - Portable Party Speaker with Foldable Handle, Powerful JBL Pro Sound, Futuristic lightshow, Up to 12 Hours of Play time, Splash Proof, Dual Mic & Guitar Inputs (Black)","11.46","0.0","B08HBG3M7M","JBL Partybox 310 - Portable Party Speaker with Long Lasting Battery, Powerful JBL Sound and Exciting Light Show,Black","9.88","16.67","2025-03-31"
"1081126","moyleaf karaoke machine","MOYLEAF","VERKB","ROUWU","Musical Instruments","Toys","Electronics","B0C4T4M97X","Karaoke Machine with 2 Wireless Microphones,Portable Karaoke Machine for Adults & Kids,Karaoke Microphone with PA System,Karaoke Speaker Supports for TWS,USB,FM,REC,AUX in,TF Card","46.83","68.75","B0C1TY85SD","Karaoke Machine for Adults & Kids,Bluetooth Karaoke Speaker with Two Wireless Karaoke Microphones,PA System Speaker Supports TF Card/USB,AUX in,REC,Bass & Treble for Party/Meeting/Adults/Kids","14.68","0.0","B0CGL8VV73","Karaoke Machine for Adults & Kids,Portable Bluetooth Speaker with 2 Wireless Microphone,Karaoke Speaker with Remote Control,LED Lights,Supports TF Card/USB, AUX in, REC, TWS for Indoor/Outdoor","12.3","12.5","2025-03-31"
"1085400","small karaoke machine","BEILIHART","YLL","Peski","Musical Instruments","Toys","Electronics","B0CNX6MMK3","Mini Karaoke Machine, Portable Bluetooth Karaoke Speaker with 2 Wireless Microphones and Party Lights for Kids and Adults, Birthday Gifts for Girls Boys Family Home Party","15.14","15.09","B0BBKW5G1T","YLL Mini Karaoke Machine for Kids Adults, Portable Bluetooth Speaker with 2 Wireless Microphones, Easter Birthday Gifts Toys for Girls Ages 3, 4, 5, 6, 7, 8, 9,10,11,12+ Years Old Toddler (Lightpink)","9.96","9.43","B0CGRRGY6S","Mini Karaoke Machine for Kids, Birthday Easter Gifts Toys for Girls Boys Friends Age 3-12+, Portable Bluetooth Speaker with 2 Wireless Mics, Karafun Premium Songs Family Home Party(Purple)","7.17","11.32","2025-03-31"
